country_code,country_name,year,inflation_annual_pct,unemployment_pct,population_total
AUS,Australia,1990,7.272260054,,17065128
AUS,Australia,1991,3.222679913,9.586,17284036
AUS,Australia,1992,0.985915493,10.733,17478635
AUS,Australia,1993,1.813110181,10.879,17634808
AUS,Australia,1994,1.894977169,9.724,17805468
AUS,Australia,1995,4.638135783,8.473,18004882
AUS,Australia,1996,2.6124197,8.509,18224767
AUS,Australia,1997,0.250417362,8.367,18423037
AUS,Australia,1998,0.853455454,7.684,18607584
AUS,Australia,1999,1.465428277,6.876,18812264
AUS,Australia,2000,4.475183076,6.288,19028802
AUS,Australia,2001,4.380841121,6.747,19274701
AUS,Australia,2002,3.00317105,6.375,19495210
AUS,Australia,2003,2.770735241,5.933,19720737
AUS,Australia,2004,2.343612335,5.399,19932722
AUS,Australia,2005,2.668732782,5.036,20176844
AUS,Australia,2006,3.538487339,4.785,20450966
AUS,Australia,2007,2.332361516,4.381,20827622
AUS,Australia,2008,4.352643242,4.242,21249199
AUS,Australia,2009,1.82011224,5.565,21691653
AUS,Australia,2010,2.845225682,5.214,22031750
AUS,Australia,2011,3.303850156,5.083,22340024
AUS,Australia,2012,1.762780156,5.225,22733465
AUS,Australia,2013,2.449888641,5.663,23128129
AUS,Australia,2014,2.487922705,6.078,23475686
AUS,Australia,2015,1.508366722,6.055,23815995
AUS,Australia,2016,1.276990945,5.711,24190907
AUT,Austria,1990,3.262322144,,7677850
AUT,Austria,1991,3.334348356,3.42,7754891
AUT,Austria,1992,4.029762782,3.59,7840709
AUT,Austria,1993,3.625805538,4.25,7905633
AUT,Austria,1994,2.959065127,3.535,7936118
AUT,Austria,1995,2.250099562,4.345,7948278
AUT,Austria,1996,1.843557287,5.282,7959017
AUT,Austria,1997,1.308321332,5.15,7968041
AUT,Austria,1998,0.921274845,5.483,7976789
AUT,Austria,1999,0.56240939,4.699,7992324
AUT,Austria,2000,2.395185512,4.687,8011566
AUT,Austria,2001,2.663440722,4.007,8042293
AUT,Austria,2002,1.802101999,4.852,8081957
AUT,Austria,2003,1.355541125,4.779,8121423
AUT,Austria,2004,2.061228151,5.969,8171966
AUT,Austria,2005,2.304765879,5.682,8227829
AUT,Austria,2006,1.449618451,5.32,8268641
AUT,Austria,2007,2.168599053,4.909,8295487
AUT,Austria,2008,3.21592066,4.198,8321496
AUT,Austria,2009,0.506312509,5.371,8343323
AUT,Austria,2010,1.813535031,4.883,8363404
AUT,Austria,2011,3.266938912,4.637,8391643
AUT,Austria,2012,2.485675087,4.909,8429991
AUT,Austria,2013,2.000157493,5.367,8479823
AUT,Austria,2014,1.605805605,5.674,8546356
AUT,Austria,2015,0.896567005,5.802,8642699
AUT,Austria,2016,0.891590693,6.064,8736668
BEL,Belgium,1990,3.452823015,,9967379
BEL,Belgium,1991,3.208551968,6.984,10004486
BEL,Belgium,1992,2.429913623,6.702,10045158
BEL,Belgium,1993,2.753963029,8.078,10084475
BEL,Belgium,1994,2.377798575,9.645,10115603
BEL,Belgium,1995,1.466813864,9.337,10136811
BEL,Belgium,1996,2.058919327,9.483,10156637
BEL,Belgium,1997,1.627459314,8.95,10181245
BEL,Belgium,1998,0.954442586,9.322,10203008
BEL,Belgium,1999,1.118421053,8.649,10226419
BEL,Belgium,2000,2.54463963,6.586,10251250
BEL,Belgium,2001,2.474444836,6.178,10286570
BEL,Belgium,2002,1.641900569,6.91,10332785
BEL,Belgium,2003,1.592816533,7.68,10376133
BEL,Belgium,2004,2.091938708,7.363,10421137
BEL,Belgium,2005,2.784303489,8.44,10478617
BEL,Belgium,2006,1.79094071,8.246,10547958
BEL,Belgium,2007,1.824988301,7.459,10625700
BEL,Belgium,2008,4.4921875,6.976,10709973
BEL,Belgium,2009,-0.054975261,7.908,10796493
BEL,Belgium,2010,2.189218922,8.293,10895586
BEL,Belgium,2011,3.531058241,7.14,11038264
BEL,Belgium,2012,2.838723095,7.542,11106932
BEL,Belgium,2013,1.11223458,8.425,11159407
BEL,Belgium,2014,0.34,8.523,11209057
BEL,Belgium,2015,0.558102452,8.482,11274196
BEL,Belgium,2016,1.972249752,7.83,11331422
CAN,Canada,1990,4.764688688,,27691138
CAN,Canada,1991,5.615234375,10.316,28037420
CAN,Canada,1992,1.505845056,11.197,28371264
CAN,Canada,1993,1.84136899,11.377,28684764
CAN,Canada,1994,0.185279836,10.395,29000663
CAN,Canada,1995,2.168229067,9.489,29302311
CAN,Canada,1996,1.570531125,9.62,29610218
CAN,Canada,1997,1.621216381,9.1,29905948
CAN,Canada,1998,0.995942457,8.278,30155173
CAN,Canada,1999,1.734842951,7.583,30401286
CAN,Canada,2000,2.719439957,6.829,30685730
CAN,Canada,2001,2.52512014,7.219,31020855
CAN,Canada,2002,2.258394409,7.665,31359199
CAN,Canada,2003,2.758563214,7.574,31642461
CAN,Canada,2004,1.857258719,7.185,31938807
CAN,Canada,2005,2.213552034,6.758,32242732
CAN,Canada,2006,2.002025395,6.484,32571193
CAN,Canada,2007,2.138383993,6.156,32888886
CAN,Canada,2008,2.370270674,6.284,33247298
CAN,Canada,2009,0.299466803,8.46,33630069
CAN,Canada,2010,1.776871541,8.178,34005902
CAN,Canada,2011,2.912135089,7.637,34339221
CAN,Canada,2012,1.515678231,7.392,34713395
CAN,Canada,2013,0.938291898,7.143,35080992
CAN,Canada,2014,1.906635907,7.023,35434066
CAN,Canada,2015,1.125241361,6.945,35704498
CAN,Canada,2016,1.428759547,7.038,36110803
CHL,Chile,1990,26.0364778,,13437176
CHL,Chile,1991,21.78441991,5.23,13662491
CHL,Chile,1992,15.42580328,4.35,13884577
CHL,Chile,1993,12.72776141,4.49,14102276
CHL,Chile,1994,11.44312436,5.87,14316256
CHL,Chile,1995,8.232633546,4.7,14527381
CHL,Chile,1996,7.359114663,7.414,14734046
CHL,Chile,1997,6.133866515,7.136,14932434
CHL,Chile,1998,5.110244133,7.307,15127799
CHL,Chile,1999,3.336882862,11.158,15319313
CHL,Chile,2000,3.843273473,10.491,15503635
CHL,Chile,2001,3.569101134,10.39,15683849
CHL,Chile,2002,2.489398331,10.168,15857925
CHL,Chile,2003,2.810177259,9.765,16024752
CHL,Chile,2004,1.054739332,10.162,16187322
CHL,Chile,2005,3.052573943,9.34,16348778
CHL,Chile,2006,3.392018991,9.024,16509195
CHL,Chile,2007,4.407797905,8.427,16671581
CHL,Chile,2008,8.716268548,9.285,16838988
CHL,Chile,2009,0.071761556,11.313,17009731
CHL,Chile,2010,1.409964751,8.547,17181464
CHL,Chile,2011,3.340318008,7.492,17351816
CHL,Chile,2012,3.006520356,6.79,17519119
CHL,Chile,2013,1.791710733,6.361,17687006
CHL,Chile,2014,4.395,6.761,17864195
CHL,Chile,2015,4.348867283,6.605,18047625
CHL,Chile,2016,3.786661771,6.926,18267221
COL,Colombia,1990,29.14547055,,32440069
COL,Colombia,1991,30.3738164,10.12,33098372
COL,Colombia,1992,27.02259553,9.44,33760571
COL,Colombia,1993,22.43841317,7.8,34441473
COL,Colombia,1994,22.84786022,8.25,35127410
COL,Colombia,1995,20.89346612,8.72,35804662
COL,Colombia,1996,20.79800807,11.81,36462745
COL,Colombia,1997,18.4681276,12.14,37121149
COL,Colombia,1998,18.67620156,15.0,37792165
COL,Colombia,1999,10.87474413,20.06,38454863
COL,Colombia,2000,9.221133432,20.52,39089934
COL,Colombia,2001,7.968468049,15.04,39709262
COL,Colombia,2002,6.350125349,14.481,40324680
COL,Colombia,2003,7.131186269,13.221,40937429
COL,Colombia,2004,5.904678173,13.717,41543171
COL,Colombia,2005,5.048116153,11.062,42128977
COL,Colombia,2006,4.296333435,11.088,42691084
COL,Colombia,2007,5.543753935,11.204,43235374
COL,Colombia,2008,6.996990766,11.273,43758808
COL,Colombia,2009,4.202933108,12.066,44271541
COL,Colombia,2010,2.278220158,11.153,44777319
COL,Colombia,2011,3.411616121,10.288,45259614
COL,Colombia,2012,3.176934374,9.959,45715810
COL,Colombia,2013,2.022774948,9.246,46151584
COL,Colombia,2014,2.877810251,8.799,46565429
COL,Colombia,2015,5.005030657,8.572,46969940
COL,Colombia,2016,7.517452808,8.922,47437512
CRI,Costa Rica,1990,19.04418009,,3121706
CRI,Costa Rica,1991,28.70932083,5.37,3202176
CRI,Costa Rica,1992,21.78825425,3.93,3284258
CRI,Costa Rica,1993,9.781446442,3.95,3367434
CRI,Costa Rica,1994,13.5342451,4.05,3451122
CRI,Costa Rica,1995,23.18923671,5.18,3535176
CRI,Costa Rica,1996,17.52249457,6.16,3619013
CRI,Costa Rica,1997,13.23146987,5.68,3701711
CRI,Costa Rica,1998,11.66609348,5.33,3782838
CRI,Costa Rica,1999,10.04588377,5.9,3862101
CRI,Costa Rica,2000,10.99252429,5.08,3937739
CRI,Costa Rica,2001,11.22697551,6.051,4008947
CRI,Costa Rica,2002,9.164815792,6.396,4075705
CRI,Costa Rica,2003,9.44756481,6.654,4138784
CRI,Costa Rica,2004,12.31503093,6.445,4200078
CRI,Costa Rica,2005,13.79797528,6.749,4261240
CRI,Costa Rica,2006,11.47053071,5.926,4321340
CRI,Costa Rica,2007,9.357331387,4.557,4380248
CRI,Costa Rica,2008,13.42335635,4.934,4440056
CRI,Costa Rica,2009,7.843825841,7.824,4499791
CRI,Costa Rica,2010,5.660230651,7.171,4555962
CRI,Costa Rica,2011,4.883012481,9.518,4609833
CRI,Costa Rica,2012,4.504067692,9.11,4663934
CRI,Costa Rica,2013,5.224285869,8.218,4716147
CRI,Costa Rica,2014,4.515312677,8.499,4767119
CRI,Costa Rica,2015,0.79668498,8.415,4818038
CRI,Costa Rica,2016,-0.004186378,8.085,4866998
CZE,Czech Republic,1990,,,10333355
CZE,Czech Republic,1991,,2.27,10308578
CZE,Czech Republic,1992,,2.6,10319123
CZE,Czech Republic,1993,,4.349,10329855
CZE,Czech Republic,1994,9.963985594,4.284,10333587
CZE,Czech Republic,1995,9.170305677,4.082,10327253
CZE,Czech Republic,1996,8.8,3.852,10315241
CZE,Czech Republic,1997,8.547794118,4.674,10304131
CZE,Czech Republic,1998,10.62658764,6.455,10294373
CZE,Czech Republic,1999,2.143130501,8.702,10283860
CZE,Czech Republic,2000,3.902835019,8.764,10255063
CZE,Czech Republic,2001,4.705811647,8.128,10216605
CZE,Czech Republic,2002,1.7850993,7.28,10196916
CZE,Czech Republic,2003,0.107708792,7.777,10193998
CZE,Czech Republic,2004,2.82727114,8.298,10197101
CZE,Czech Republic,2005,1.846170702,7.927,10211216
CZE,Czech Republic,2006,2.528104997,7.141,10238905
CZE,Czech Republic,2007,2.927443471,5.316,10298828
CZE,Czech Republic,2008,6.350986289,4.392,10384603
CZE,Czech Republic,2009,1.044811886,6.662,10443936
CZE,Czech Republic,2010,1.408717924,7.281,10474410
CZE,Czech Republic,2011,1.936389149,6.712,10496088
CZE,Czech Republic,2012,3.299073139,6.979,10510785
CZE,Czech Republic,2013,1.434726602,6.953,10514272
CZE,Czech Republic,2014,0.337186898,6.108,10525347
CZE,Czech Republic,2015,0.344782438,5.048,10546059
CZE,Czech Republic,2016,0.639352818,3.952,10566332
DNK,Denmark,1990,2.652716128,,5140939
DNK,Denmark,1991,2.367960465,9.099,5154298
DNK,Denmark,1992,2.101981293,9.027,5171370
DNK,Denmark,1993,1.250985028,10.719,5188628
DNK,Denmark,1994,1.994357428,8.036,5206180
DNK,Denmark,1995,2.098435712,6.992,5233373
DNK,Denmark,1996,2.111360239,6.844,5263074
DNK,Denmark,1997,2.1957914,5.4,5284991
DNK,Denmark,1998,1.853178156,5.039,5304219
DNK,Denmark,1999,2.478685066,5.141,5321799
DNK,Denmark,2000,2.924779141,4.476,5339616
DNK,Denmark,2001,2.35,4.164,5358783
DNK,Denmark,2002,2.426314932,4.274,5375931
DNK,Denmark,2003,2.090620032,5.398,5390574
DNK,Denmark,2004,1.16016507,5.204,5404523
DNK,Denmark,2005,1.808805419,4.83,5419432
DNK,Denmark,2006,1.890073335,3.897,5437272
DNK,Denmark,2007,1.714031313,3.801,5461438
DNK,Denmark,2008,3.399474759,3.683,5493621
DNK,Denmark,2009,1.326372231,6.409,5523095
DNK,Denmark,2010,2.297730121,7.746,5547683
DNK,Denmark,2011,2.758682261,7.769,5570572
DNK,Denmark,2012,2.397914857,7.798,5591572
DNK,Denmark,2013,0.78907178,7.384,5614932
DNK,Denmark,2014,0.56402054,6.925,5643475
DNK,Denmark,2015,0.452034154,6.278,5683483
DNK,Denmark,2016,0.25,5.989,5728010
EST,Estonia,1990,,,1569174
EST,Estonia,1991,,1.468,1561314
EST,Estonia,1992,,3.681,1533091
EST,Estonia,1993,89.81194903,6.544,1494128
EST,Estonia,1994,47.65469062,7.561,1462514
EST,Estonia,1995,28.77661372,9.659,1436634
EST,Estonia,1996,23.05034335,9.915,1415594
EST,Estonia,1997,10.58187893,10.369,1399535
EST,Estonia,1998,8.208333333,9.51,1386156
EST,Estonia,1999,3.296110897,11.573,1390244
EST,Estonia,2000,4.019980616,13.36,1396985
EST,Estonia,2001,5.745330486,13.134,1388115
EST,Estonia,2002,3.57128333,10.026,1379350
EST,Estonia,2003,1.338289476,11.288,1370720
EST,Estonia,2004,3.048071707,10.248,1362550
EST,Estonia,2005,4.089689921,8.033,1354775
EST,Estonia,2006,4.42991487,5.915,1346810
EST,Estonia,2007,6.597638594,4.592,1340680
EST,Estonia,2008,10.36560303,5.455,1337090
EST,Estonia,2009,-0.084776494,13.548,1334515
EST,Estonia,2010,2.975580329,16.707,1331475
EST,Estonia,2011,4.977614784,12.328,1327439
EST,Estonia,2012,3.934921578,10.021,1322696
EST,Estonia,2013,2.788496796,8.631,1317997
EST,Estonia,2014,-0.144815519,7.352,1314545
EST,Estonia,2015,-0.456766653,6.412,1315407
EST,Estonia,2016,0.149108978,6.882,1315790
FIN,Finland,1990,6.10289523,,4986431
FIN,Finland,1991,4.115953409,6.503,5013740
FIN,Finland,1992,2.601973477,11.595,5041992
FIN,Finland,1993,2.101071975,16.201,5066447
FIN,Finland,1994,1.085913127,16.426,5088333
FIN,Finland,1995,0.985221675,17.005,5107790
FIN,Finland,1996,0.616615282,15.572,5124573
FIN,Finland,1997,1.195031056,14.967,5139835
FIN,Finland,1998,1.399130883,13.214,5153498
FIN,Finland,1999,1.159265049,11.693,5165474
FIN,Finland,2000,3.367666887,11.134,5176209
FIN,Finland,2001,2.56623896,10.29,5188008
FIN,Finland,2002,1.562144598,10.423,5200598
FIN,Finland,2003,0.877438551,10.469,5213014
FIN,Finland,2004,0.187123375,10.358,5228172
FIN,Finland,2005,0.861059229,9.602,5246096
FIN,Finland,2006,1.566666667,8.935,5266268
FIN,Finland,2007,2.510666229,6.854,5288720
FIN,Finland,2008,4.065951657,6.369,5313399
FIN,Finland,2009,0.00061529,8.249,5338871
FIN,Finland,2010,1.210357625,8.394,5363352
FIN,Finland,2011,3.416809034,7.781,5388272
FIN,Finland,2012,2.808332326,7.689,5413971
FIN,Finland,2013,1.478288133,8.193,5438972
FIN,Finland,2014,1.041200006,8.663,5461512
FIN,Finland,2015,-0.207164371,9.376,5479531
FIN,Finland,2016,0.3569705,8.818,5495303
FRA,France,1990,3.380057194,,58261012
FRA,France,1991,3.216934745,9.134,58554242
FRA,France,1992,2.365765038,10.203,58846584
FRA,France,1993,2.106010412,11.32,59103094
FRA,France,1994,1.660872924,12.593,59324863
FRA,France,1995,1.778115502,11.834,59541294
FRA,France,1996,2.004778228,12.367,59754504
FRA,France,1997,1.221995927,12.566,59968066
FRA,France,1998,0.595238095,12.074,60190684
FRA,France,1999,0.533377781,11.981,60501986
FRA,France,2000,1.699411423,10.218,60918661
FRA,France,2001,1.630257581,8.61,61364377
FRA,France,2002,1.916907283,8.702,61812142
FRA,France,2003,2.109073739,8.306,62249855
FRA,France,2004,2.134874759,8.914,62707588
FRA,France,2005,1.735587081,8.882,63180854
FRA,France,2006,1.68372645,8.832,63622342
FRA,France,2007,1.488073528,8.008,64016890
FRA,France,2008,2.813915043,7.386,64375116
FRA,France,2009,0.088084169,9.122,64706436
FRA,France,2010,1.529639382,9.279,65026211
FRA,France,2011,2.117486809,9.228,65340830
FRA,France,2012,1.9556855,9.841,65657659
FRA,France,2013,0.86360693,9.913,65997932
FRA,France,2014,0.507700673,10.273,66312067
FRA,France,2015,0.037803733,10.354,66548272
FRA,France,2016,0.183334861,10.057,66724104
DEU,Germany,1990,,,79433029
DEU,Germany,1991,,5.316,80013896
DEU,Germany,1992,5.077330077,6.323,80624598
DEU,Germany,1993,4.434976276,7.675,81156363
DEU,Germany,1994,2.744552619,8.727,81438348
DEU,Germany,1995,1.723671149,8.158,81678051
DEU,Germany,1996,1.446061036,8.822,81914831
DEU,Germany,1997,1.880192392,9.861,82034771
DEU,Germany,1998,0.935622318,9.787,82047195
DEU,Germany,1999,0.569776342,8.854,82100243
DEU,Germany,2000,1.471334348,7.917,82211508
DEU,Germany,2001,1.983856851,7.773,82349925
DEU,Germany,2002,1.420806713,8.482,82488495
DEU,Germany,2003,1.034223392,9.779,82534176
DEU,Germany,2004,1.665736088,10.727,82516260
DEU,Germany,2005,1.546910755,11.193,82469422
DEU,Germany,2006,1.577429241,10.277,82376451
DEU,Germany,2007,2.29834058,8.732,82266372
DEU,Germany,2008,2.628383067,7.508,82110097
DEU,Germany,2009,0.312737723,7.88,81902307
DEU,Germany,2010,1.103808561,7.043,81776930
DEU,Germany,2011,2.075172931,5.967,80274983
DEU,Germany,2012,2.008491182,5.372,80425823
DEU,Germany,2013,1.504722267,5.316,80645605
DEU,Germany,2014,0.906797035,4.979,80982500
DEU,Germany,2015,0.234429945,4.612,81686611
DEU,Germany,2016,0.483355422,4.104,82348669
GRC,Greece,1990,20.40457344,,10196792
GRC,Greece,1991,19.47285123,7.572,10319927
GRC,Greece,1992,15.86589902,8.927,10399061
GRC,Greece,1993,14.41449365,10.177,10460415
GRC,Greece,1994,10.92278719,9.808,10512922
GRC,Greece,1995,8.937057107,10.116,10562153
GRC,Greece,1996,8.196219484,10.402,10608800
GRC,Greece,1997,5.538972981,10.472,10661259
GRC,Greece,1998,4.766225587,12.227,10720509
GRC,Greece,1999,2.636782729,12.138,10761698
GRC,Greece,2000,3.166082521,11.345,10805808
GRC,Greece,2001,3.37396641,10.764,10862132
GRC,Greece,2002,3.629362936,10.346,10902022
GRC,Greece,2003,3.530650791,9.839,10928070
GRC,Greece,2004,2.89884797,10.628,10955141
GRC,Greece,2005,3.54507305,10.074,10987314
GRC,Greece,2006,3.19594597,8.906,11020362
GRC,Greece,2007,2.89500102,8.351,11048473
GRC,Greece,2008,4.15279636,7.664,11077841
GRC,Greece,2009,1.210073956,9.546,11107017
GRC,Greece,2010,4.712981576,12.719,11121341
GRC,Greece,2011,3.329870174,17.973,11104899
GRC,Greece,2012,1.501519795,24.731,11045011
GRC,Greece,2013,-0.921271918,27.686,10965211
GRC,Greece,2014,-1.312242411,26.708,10892413
GRC,Greece,2015,-1.735902366,24.981,10820883
GRC,Greece,2016,-0.825657581,23.514,10775971
HUN,Hungary,1990,28.97015327,,10373988
HUN,Hungary,1991,34.23400884,8.5,10373400
HUN,Hungary,1992,22.94980119,9.942,10369341
HUN,Hungary,1993,22.45105345,12.098,10357523
HUN,Hungary,1994,18.86639004,10.847,10343355
HUN,Hungary,1995,28.30287036,10.168,10328965
HUN,Hungary,1996,23.42814371,10.022,10311238
HUN,Hungary,1997,18.31412978,8.991,10290486
HUN,Hungary,1998,14.17506692,8.925,10266570
HUN,Hungary,1999,10.03092578,6.929,10237530
HUN,Hungary,2000,9.780586324,6.563,10210971
HUN,Hungary,2001,9.156272293,5.671,10187576
HUN,Hungary,2002,5.261540654,5.608,10158608
HUN,Hungary,2003,4.648457584,5.79,10129552
HUN,Hungary,2004,6.779959775,5.832,10107146
HUN,Hungary,2005,3.550808314,7.189,10087065
HUN,Hungary,2006,3.878312373,7.494,10071370
HUN,Hungary,2007,7.935008875,7.406,10055780
HUN,Hungary,2008,6.066157153,7.817,10038188
HUN,Hungary,2009,4.209189843,10.03,10022650
HUN,Hungary,2010,4.881345076,11.172,10000023
HUN,Hungary,2011,3.920735315,11.029,9971727
HUN,Hungary,2012,5.667639606,11.003,9920362
HUN,Hungary,2013,1.721102477,10.177,9872734
HUN,Hungary,2014,-0.222315061,7.725,9833038
HUN,Hungary,2015,-0.070282476,6.813,9797755
HUN,Hungary,2016,0.400742226,5.115,9759755
ISL,Iceland,1990,15.51071879,,254826
ISL,Iceland,1991,6.808779591,2.548,257797
ISL,Iceland,1992,3.959330787,4.305,261057
ISL,Iceland,1993,4.082794308,5.257,263725
ISL,Iceland,1994,1.551158397,5.326,266021
ISL,Iceland,1995,1.654753745,5.196,267468
ISL,Iceland,1996,2.297245232,3.6,268916
ISL,Iceland,1997,1.746998729,3.72,271128
ISL,Iceland,1998,1.716725091,3.069,274047
ISL,Iceland,1999,3.224749922,2.178,277381
ISL,Iceland,2000,5.11872936,1.936,281205
ISL,Iceland,2001,6.395392326,1.874,284968
ISL,Iceland,2002,5.174353206,2.988,287523
ISL,Iceland,2003,2.064839572,3.997,289521
ISL,Iceland,2004,3.150849112,4.031,292074
ISL,Iceland,2005,4.0,2.547,296734
ISL,Iceland,2006,6.675824176,2.83,303782
ISL,Iceland,2007,5.06366784,2.251,311566
ISL,Iceland,2008,12.67818916,2.946,317414
ISL,Iceland,2009,12.00581173,7.22,318499
ISL,Iceland,2010,5.393595958,7.564,318041
ISL,Iceland,2011,3.990412645,7.028,319014
ISL,Iceland,2012,5.1952906,6.0,320716
ISL,Iceland,2013,3.884644993,5.376,323764
ISL,Iceland,2014,2.034999715,4.897,327386
ISL,Iceland,2015,1.631284916,3.979,330815
ISL,Iceland,2016,1.694700967,2.978,335439
IRL,Ireland,1990,3.274111675,,3513974
IRL,Ireland,1991,3.194888179,15.771,3534235
IRL,Ireland,1992,3.119790426,15.021,3558430
IRL,Ireland,1993,1.408775982,15.571,3576261
IRL,Ireland,1994,2.345707128,14.544,3590386
IRL,Ireland,1995,2.514463729,11.97,3608841
IRL,Ireland,1996,1.693075754,11.692,3637510
IRL,Ireland,1997,1.437210957,10.191,3674171
IRL,Ireland,1998,2.426878025,7.699,3712696
IRL,Ireland,1999,1.640271493,5.804,3754786
IRL,Ireland,2000,5.564830273,4.318,3805174
IRL,Ireland,2001,4.872354846,3.684,3866243
IRL,Ireland,2002,4.651952462,4.216,3931947
IRL,Ireland,2003,3.479883193,4.478,3996521
IRL,Ireland,2004,2.194873403,4.491,4070262
IRL,Ireland,2005,2.431540999,4.237,4159914
IRL,Ireland,2006,3.938894713,4.355,4273591
IRL,Ireland,2007,4.87992471,4.98,4398942
IRL,Ireland,2008,4.053506283,6.774,4489544
IRL,Ireland,2009,-4.47993767,12.609,4535375
IRL,Ireland,2010,-0.946166395,14.534,4560155
IRL,Ireland,2011,2.578870455,15.354,4580084
IRL,Ireland,2012,1.692784715,15.451,4599533
IRL,Ireland,2013,0.502678204,13.735,4623816
IRL,Ireland,2014,0.196785831,11.858,4657740
IRL,Ireland,2015,-0.294599018,9.908,4701957
IRL,Ireland,2016,0.0,8.374,4762722
ISR,Israel,1990,17.17334287,,4660000
ISR,Israel,1991,19.00595208,13.387,4949000
ISR,Israel,1992,11.94801864,14.08,5123000
ISR,Israel,1993,10.94394379,12.741,5261000
ISR,Israel,1994,12.34226613,9.934,5399000
ISR,Israel,1995,10.04302032,8.782,5545000
ISR,Israel,1996,11.27662443,8.455,5692000
ISR,Israel,1997,9.001150887,9.751,5836000
ISR,Israel,1998,5.434843012,10.749,5971000
ISR,Israel,1999,5.194455279,11.183,6125000
ISR,Israel,2000,1.124841572,11.102,6289000
ISR,Israel,2001,1.115838947,11.812,6439000
ISR,Israel,2002,5.68743818,12.888,6570000
ISR,Israel,2003,0.669536734,13.505,6689700
ISR,Israel,2004,-0.413701804,13.029,6809000
ISR,Israel,2005,1.326600199,11.342,6930100
ISR,Israel,2006,2.114186498,10.707,7053700
ISR,Israel,2007,0.51010202,9.379,7180100
ISR,Israel,2008,4.597472385,7.704,7308800
ISR,Israel,2009,3.325,9.534,7485600
ISR,Israel,2010,2.69295911,8.48,7623600
ISR,Israel,2011,3.459195493,7.139,7765800
ISR,Israel,2012,1.70761176,6.762,7910500
ISR,Israel,2013,1.525873129,6.137,8059500
ISR,Israel,2014,0.475956015,5.789,8215700
ISR,Israel,2015,-0.633122293,5.176,8380100
ISR,Israel,2016,-0.544936284,4.723,8546000
ITA,Italy,1990,6.49627263,,56719240
ITA,Italy,1991,6.3,10.097,56758521
ITA,Italy,1992,5.079962371,9.321,56797087
ITA,Italy,1993,4.476275739,10.212,56831821
ITA,Italy,1994,4.027420737,11.086,56843400
ITA,Italy,1995,5.244371225,11.661,56844303
ITA,Italy,1996,3.974524284,11.864,56860281
ITA,Italy,1997,2.04310552,11.985,56890372
ITA,Italy,1998,1.962939698,12.117,56906744
ITA,Italy,1999,1.655629139,11.681,56916317
ITA,Italy,2000,2.519318302,10.834,56942108
ITA,Italy,2001,2.787816211,9.599,56976981
ITA,Italy,2002,2.461074837,9.211,57089824
ITA,Italy,2003,2.676470588,8.869,57399184
ITA,Italy,2004,2.21522009,7.866,57828179
ITA,Italy,2005,1.999065857,7.73,58166682
ITA,Italy,2006,2.06978661,6.777,58399861
ITA,Italy,2007,1.821444594,6.076,58756247
ITA,Italy,2008,3.375044061,6.723,59211181
ITA,Italy,2009,0.750149177,7.749,59555454
ITA,Italy,2010,1.539893392,8.363,59819407
ITA,Italy,2011,2.741438213,8.359,60026841
ITA,Italy,2012,3.04136253,10.655,60191247
ITA,Italy,2013,1.219992129,12.149,60311613
ITA,Italy,2014,0.241057543,12.683,60320707
ITA,Italy,2015,0.03878675,11.896,60229605
ITA,Italy,2016,-0.123335389,11.688,60115223
JPN,Japan,1990,3.034708341,,123478000
JPN,Japan,1991,3.298059965,2.059,123964000
JPN,Japan,1992,1.707358716,2.158,124425000
JPN,Japan,1993,1.267416485,2.539,124829000
JPN,Japan,1994,0.687940323,2.89,125178000
JPN,Japan,1995,-0.123477116,3.15,125472000
JPN,Japan,1996,0.131871755,3.383,125757000
JPN,Japan,1997,1.761461849,3.374,126057000
JPN,Japan,1998,0.663269433,4.078,126400000
JPN,Japan,1999,-0.329449578,4.677,126631000
JPN,Japan,2000,-0.653015156,4.748,126843000
JPN,Japan,2001,-0.740055504,5.02,127149000
JPN,Japan,2002,-0.923494027,5.386,127445000
JPN,Japan,2003,-0.256541816,5.251,127718000
JPN,Japan,2004,-0.008573388,4.734,127761000
JPN,Japan,2005,-0.282946069,4.446,127773000
JPN,Japan,2006,0.249355116,4.192,127854000
JPN,Japan,2007,0.060039454,3.888,128001000
JPN,Japan,2008,1.380078862,4.002,128063000
JPN,Japan,2009,-1.35283673,5.068,128047000
JPN,Japan,2010,-0.719979429,5.102,128070000
JPN,Japan,2011,-0.267633601,4.55,127833000
JPN,Japan,2012,-0.051939058,4.358,127629000
JPN,Japan,2013,0.346440326,4.038,127445000
JPN,Japan,2014,2.761954083,3.589,127276000
JPN,Japan,2015,0.78951789,3.385,127141000
JPN,Japan,2016,-0.116666667,3.132,127076000
LVA,Latvia,1990,,,2663151
LVA,Latvia,1991,,2.7,2650581
LVA,Latvia,1992,243.2668225,6.6,2614338
LVA,Latvia,1993,108.7677305,16.7,2563290
LVA,Latvia,1994,35.92509236,18.7,2520742
LVA,Latvia,1995,24.97943287,19.0,2485056
LVA,Latvia,1996,17.61127868,20.7,2457222
LVA,Latvia,1997,8.437832094,14.9,2432851
LVA,Latvia,1998,4.658303933,14.454,2410019
LVA,Latvia,1999,2.358842993,13.79,2390482
LVA,Latvia,2000,2.648592284,14.211,2367550
LVA,Latvia,2001,2.478667208,13.821,2337170
LVA,Latvia,2002,1.923076923,13.829,2310173
LVA,Latvia,2003,2.956623225,12.061,2287955
LVA,Latvia,2004,6.21575666,11.708,2263122
LVA,Latvia,2005,6.723585912,10.033,2238799
LVA,Latvia,2006,6.5,7.03,2218357
LVA,Latvia,2007,10.14084507,6.052,2200325
LVA,Latvia,2008,15.43052003,7.739,2177322
LVA,Latvia,2009,3.471196455,17.515,2141669
LVA,Latvia,2010,-1.070663812,19.482,2097555
LVA,Latvia,2011,4.401154401,16.206,2059709
LVA,Latvia,2012,2.211472011,15.047,2034319
LVA,Latvia,2013,0.0,11.867,2012647
LVA,Latvia,2014,0.60851927,10.846,1993782
LVA,Latvia,2015,0.201612903,9.873,1977527
LVA,Latvia,2016,0.134138162,9.643,1959537
LTU,Lithuania,1990,,,3697838
LTU,Lithuania,1991,,1.1,3704134
LTU,Lithuania,1992,,1.2,3700114
LTU,Lithuania,1993,410.2409877,13.8,3682613
LTU,Lithuania,1994,72.15013902,13.8,3657144
LTU,Lithuania,1995,39.65679677,17.54,3629102
LTU,Lithuania,1996,24.6181275,16.4,3601613
LTU,Lithuania,1997,8.877890341,14.13,3575137
LTU,Lithuania,1998,5.074934299,13.711,3549331
LTU,Lithuania,1999,0.753709399,13.388,3524238
LTU,Lithuania,2000,1.00678733,15.931,3499536
LTU,Lithuania,2001,1.355134954,16.84,3470818
LTU,Lithuania,2002,0.298342541,13.008,3443067
LTU,Lithuania,2003,-1.145753002,12.874,3415213
LTU,Lithuania,2004,1.181321743,10.684,3377075
LTU,Lithuania,2005,2.643462936,8.325,3322528
LTU,Lithuania,2006,3.745037021,5.78,3269909
LTU,Lithuania,2007,5.730244104,4.25,3231294
LTU,Lithuania,2008,10.92741147,5.826,3198231
LTU,Lithuania,2009,4.451512479,13.785,3162916
LTU,Lithuania,2010,1.319184445,17.814,3097282
LTU,Lithuania,2011,4.130300688,15.39,3028115
LTU,Lithuania,2012,3.089983269,13.365,2989139
LTU,Lithuania,2013,1.047466621,11.77,2961250
LTU,Lithuania,2014,0.103789914,10.698,2937253
LTU,Lithuania,2015,-0.884108435,9.12,2911109
LTU,Lithuania,2016,0.905521554,7.862,2877325
LUX,Luxembourg,1990,3.701983124,,381850
LUX,Luxembourg,1991,3.11835932,1.482,387000
LUX,Luxembourg,1992,3.154168788,2.029,392175
LUX,Luxembourg,1993,3.57791984,2.33,397475
LUX,Luxembourg,1994,2.20480898,3.479,402925
LUX,Luxembourg,1995,1.915249471,2.918,408625
LUX,Luxembourg,1996,1.393467621,3.286,414225
LUX,Luxembourg,1997,1.367511396,2.527,419450
LUX,Luxembourg,1998,0.958566261,2.763,424700
LUX,Luxembourg,1999,1.004836897,2.39,430475
LUX,Luxembourg,2000,3.147371816,2.345,436300
LUX,Luxembourg,2001,2.667458005,1.805,441525
LUX,Luxembourg,2002,2.074076174,2.621,446175
LUX,Luxembourg,2003,2.049840427,3.675,451630
LUX,Luxembourg,2004,2.22568082,5.113,458095
LUX,Luxembourg,2005,2.489582068,4.488,465158
LUX,Luxembourg,2006,2.675833333,4.731,472637
LUX,Luxembourg,2007,2.303365771,4.065,479993
LUX,Luxembourg,2008,3.400264976,5.06,488650
LUX,Luxembourg,2009,0.369816243,5.194,497783
LUX,Luxembourg,2010,2.273404833,4.423,506953
LUX,Luxembourg,2011,3.409795876,5.122,518347
LUX,Luxembourg,2012,2.664199548,5.03,530946
LUX,Luxembourg,2013,1.734030794,6.045,543360
LUX,Luxembourg,2014,0.629749069,6.044,556319
LUX,Luxembourg,2015,0.474513795,6.796,569604
LUX,Luxembourg,2016,0.299166667,6.669,582014
MEX,Mexico,1990,26.65264522,,82820170
MEX,Mexico,1991,22.66151183,3.145,84430572
MEX,Mexico,1992,15.50854449,3.235,86044809
MEX,Mexico,1993,9.751530555,3.365,87653807
MEX,Mexico,1994,6.965778139,4.436,89259205
MEX,Mexico,1995,34.999275,7.095,90862455
MEX,Mexico,1996,34.37765819,5.465,92452702
MEX,Mexico,1997,20.62648433,4.235,94021207
MEX,Mexico,1998,15.92799503,3.733,95575245
MEX,Mexico,1999,16.58560509,2.598,97115707
MEX,Mexico,2000,9.495019139,2.646,98625552
MEX,Mexico,2001,6.362500348,2.627,100099099
MEX,Mexico,2002,5.031089531,3.003,101548624
MEX,Mexico,2003,4.548137924,3.455,102978515
MEX,Mexico,2004,4.688282872,3.937,104394131
MEX,Mexico,2005,3.988060736,3.558,105811504
MEX,Mexico,2006,3.629463226,3.566,107253666
MEX,Mexico,2007,3.966849629,3.628,108774360
MEX,Mexico,2008,5.124981692,3.874,110374288
MEX,Mexico,2009,5.297357127,5.356,111999721
MEX,Mexico,2010,4.156727837,5.303,113623895
MEX,Mexico,2011,3.407379617,5.175,115243504
MEX,Mexico,2012,4.111508546,4.892,116818208
MEX,Mexico,2013,3.806389823,4.921,118343573
MEX,Mexico,2014,4.018617202,4.819,119784261
MEX,Mexico,2015,2.720641263,4.311,121072306
MEX,Mexico,2016,2.821707752,3.853,122251351
NLD,Netherlands,1990,2.454088775,,14951510
NLD,Netherlands,1991,3.133333333,7.285,15069798
NLD,Netherlands,1992,3.183581125,5.555,15184166
NLD,Netherlands,1993,2.584181676,6.287,15290368
NLD,Netherlands,1994,2.801526718,7.159,15382838
NLD,Netherlands,1995,1.923219722,7.157,15459006
NLD,Netherlands,1996,2.016666667,6.421,15530498
NLD,Netherlands,1997,2.176171185,5.511,15610650
NLD,Netherlands,1998,1.985462309,4.394,15707209
NLD,Netherlands,1999,2.193026177,3.622,15812088
NLD,Netherlands,2000,2.316666342,2.725,15925513
NLD,Netherlands,2001,4.162336858,2.119,16046180
NLD,Netherlands,2002,3.286685765,2.554,16148929
NLD,Netherlands,2003,2.112538768,3.593,16225302
NLD,Netherlands,2004,1.238349793,4.646,16281779
NLD,Netherlands,2005,1.674081313,5.872,16319868
NLD,Netherlands,2006,1.16765306,5.007,16346101
NLD,Netherlands,2007,1.614180118,4.153,16381696
NLD,Netherlands,2008,2.486550321,3.658,16445593
NLD,Netherlands,2009,1.189904616,4.352,16530388
NLD,Netherlands,2010,1.275552568,4.991,16615394
NLD,Netherlands,2011,2.341070178,4.977,16693074
NLD,Netherlands,2012,2.455547653,5.821,16754962
NLD,Netherlands,2013,2.506898527,7.241,16804432
NLD,Netherlands,2014,0.97603508,7.419,16865008
NLD,Netherlands,2015,0.600248147,6.872,16939923
NLD,Netherlands,2016,0.316666667,6.007,17030314
NZL,New Zealand,1990,6.10005319,,3329800
NZL,New Zealand,1991,2.598944591,10.614,3495100
NZL,New Zealand,1992,1.015815867,10.667,3531700
NZL,New Zealand,1993,1.285641548,9.804,3572200
NZL,New Zealand,1994,1.681743029,8.354,3620000
NZL,New Zealand,1995,3.755146714,6.461,3673400
NZL,New Zealand,1996,2.285570765,6.29,3732000
NZL,New Zealand,1997,1.18723143,6.857,3781300
NZL,New Zealand,1998,1.242462113,7.718,3815000
NZL,New Zealand,1999,0.278040771,7.023,3835100
NZL,New Zealand,2000,3.006943697,6.13,3857700
NZL,New Zealand,2001,2.509600993,5.433,3880500
NZL,New Zealand,2002,2.660947121,5.282,3948500
NZL,New Zealand,2003,1.123590179,4.745,4027200
NZL,New Zealand,2004,2.290249093,4.005,4087500
NZL,New Zealand,2005,3.037020739,3.807,4133900
NZL,New Zealand,2006,3.365404493,3.857,4184600
NZL,New Zealand,2007,2.37614328,3.661,4223800
NZL,New Zealand,2008,3.958944282,4.167,4259800
NZL,New Zealand,2009,2.115655853,6.121,4302600
NZL,New Zealand,2010,2.302025783,6.557,4350700
NZL,New Zealand,2011,4.432943294,6.491,4384000
NZL,New Zealand,2012,0.883430295,6.931,4408100
NZL,New Zealand,2013,1.302862025,5.839,4442100
NZL,New Zealand,2014,0.906599199,5.428,4516500
NZL,New Zealand,2015,0.334308399,5.415,4609400
NZL,New Zealand,2016,1.082882132,5.147,4714100
NOR,Norway,1990,4.113033362,,4241473
NOR,Norway,1991,3.420682695,5.407,4261732
NOR,Norway,1992,2.342116269,5.91,4286401
NOR,Norway,1993,2.271488898,5.965,4311991
NOR,Norway,1994,1.398554827,5.349,4336613
NOR,Norway,1995,2.456405373,6.307,4359184
NOR,Norway,1996,1.258694189,5.036,4381336
NOR,Norway,1997,2.580741144,4.687,4405157
NOR,Norway,1998,2.2556855,3.737,4431464
NOR,Norway,1999,2.333138905,3.247,4461913
NOR,Norway,2000,3.08606791,3.458,4490967
NOR,Norway,2001,3.017377567,3.738,4513751
NOR,Norway,2002,1.28814599,4.022,4538159
NOR,Norway,2003,2.475397426,4.221,4564855
NOR,Norway,2004,0.46539115,4.256,4591910
NOR,Norway,2005,1.522058824,4.381,4623291
NOR,Norway,2006,2.332150359,3.397,4660677
NOR,Norway,2007,0.728997098,2.493,4709153
NOR,Norway,2008,3.766160764,2.521,4768212
NOR,Norway,2009,2.166847237,3.1,4828726
NOR,Norway,2010,2.399257688,3.527,4889252
NOR,Norway,2011,1.300970874,3.196,4953088
NOR,Norway,2012,0.709219858,3.129,5018573
NOR,Norway,2013,2.131709174,3.425,5079623
NOR,Norway,2014,2.025096285,3.486,5137232
NOR,Norway,2015,2.17364832,4.296,5188607
NOR,Norway,2016,3.55,4.68,5234519
POL,Poland,1990,555.3811506,,38110782
POL,Poland,1991,76.70621911,13.621,38246193
POL,Poland,1992,45.32920372,13.645,38363667
POL,Poland,1993,36.86580503,14.393,38461408
POL,Poland,1994,33.25212849,14.825,38542652
POL,Poland,1995,28.07169648,13.695,38594998
POL,Poland,1996,19.81722123,12.684,38624370
POL,Poland,1997,15.08161686,10.964,38649660
POL,Poland,1998,11.72515369,9.935,38663481
POL,Poland,1999,7.275,12.29,38660271
POL,Poland,2000,10.05981512,14.928,38258629
POL,Poland,2001,5.491247883,18.435,38248076
POL,Poland,2002,1.90017396,20.211,38230364
POL,Poland,2003,0.787918582,19.899,38204570
POL,Poland,2004,3.576547231,18.822,38182222
POL,Poland,2005,2.107050758,17.592,38165445
POL,Poland,2006,1.114943945,13.794,38141267
POL,Poland,2007,2.388059701,9.551,38120560
POL,Poland,2008,4.349378235,7.069,38125759
POL,Poland,2009,3.825977877,8.131,38151603
POL,Poland,2010,2.707452359,9.578,38042794
POL,Poland,2011,4.258333333,9.576,38063255
POL,Poland,2012,3.556869954,10.031,38063164
POL,Poland,2013,1.034269836,10.293,38040196
POL,Poland,2014,0.106951872,8.971,38011735
POL,Poland,2015,-0.991300366,7.475,37986412
POL,Poland,2016,-0.609676201,6.141,37970087
PRT,Portugal,1990,13.3724586,,9983218
PRT,Portugal,1991,10.92623405,3.919,9960235
PRT,Portugal,1992,8.941666667,3.985,9952494
PRT,Portugal,1993,6.501950585,5.301,9964675
PRT,Portugal,1994,5.21439345,6.709,9991525
PRT,Portugal,1995,4.123148338,7.064,10026176
PRT,Portugal,1996,3.120697568,7.298,10063945
PRT,Portugal,1997,2.161612308,6.571,10108977
PRT,Portugal,1998,2.716440297,4.64,10160196
PRT,Portugal,1999,2.303885779,4.579,10217828
PRT,Portugal,2000,2.846721116,3.806,10289898
PRT,Portugal,2001,4.394757132,3.829,10362722
PRT,Portugal,2002,3.545051699,4.497,10419631
PRT,Portugal,2003,3.283333333,6.132,10458821
PRT,Portugal,2004,2.355978699,6.319,10483861
PRT,Portugal,2005,2.293867255,7.582,10503330
PRT,Portugal,2006,2.743315096,7.649,10522288
PRT,Portugal,2007,2.805070127,7.965,10542964
PRT,Portugal,2008,2.590407797,7.553,10558177
PRT,Portugal,2009,-0.835530022,9.432,10568247
PRT,Portugal,2010,1.402572899,10.771,10573100
PRT,Portugal,2011,3.653011004,12.715,10557560
PRT,Portugal,2012,2.773338541,15.509,10514844
PRT,Portugal,2013,0.274416667,16.237,10457295
PRT,Portugal,2014,-0.278153367,13.88,10401062
PRT,Portugal,2015,0.487938624,12.405,10358076
PRT,Portugal,2016,0.607397075,11.058,10325452
SVK,Slovakia,1990,,,5299187
SVK,Slovakia,1991,,12.1,5303294
SVK,Slovakia,1992,,12.185,5305016
SVK,Slovakia,1993,,12.2,5325305
SVK,Slovakia,1994,13.41013348,13.654,5346331
SVK,Slovakia,1995,9.887168882,13.109,5361999
SVK,Slovakia,1996,5.809254954,11.341,5373361
SVK,Slovakia,1997,6.109533469,11.894,5383291
SVK,Slovakia,1998,6.698271907,12.421,5390516
SVK,Slovakia,1999,10.57044575,16.099,5396020
SVK,Slovakia,2000,12.03577678,18.546,5388720
SVK,Slovakia,2001,7.329630915,19.148,5378867
SVK,Slovakia,2002,3.32331065,18.541,5376912
SVK,Slovakia,2003,8.554143054,17.549,5373374
SVK,Slovakia,2004,7.548500882,18.206,5372280
SVK,Slovakia,2005,2.709084946,16.276,5372807
SVK,Slovakia,2006,4.483331204,13.395,5373054
SVK,Slovakia,2007,2.756723716,11.16,5374622
SVK,Slovakia,2008,4.598179763,9.514,5379233
SVK,Slovakia,2009,1.615104641,12.023,5386406
SVK,Slovakia,2010,0.957018133,14.387,5391428
SVK,Slovakia,2011,3.919285991,13.634,5398384
SVK,Slovakia,2012,3.606102635,13.966,5407579
SVK,Slovakia,2013,1.40047369,14.226,5413393
SVK,Slovakia,2014,-0.07616533,11.536,5418649
SVK,Slovakia,2015,-0.325219777,11.492,5423801
SVK,Slovakia,2016,-0.520010196,9.679,5430798
SVN,Slovenia,1990,,,1998161
SVN,Slovenia,1991,,7.08,1999429
SVN,Slovenia,1992,,7.83,1996498
SVN,Slovenia,1993,32.85833333,8.51,1991746
SVN,Slovenia,1994,20.99353948,8.24,1989443
SVN,Slovenia,1995,13.46293416,7.15,1989872
SVN,Slovenia,1996,9.792284866,6.879,1988628
SVN,Slovenia,1997,8.361769724,6.648,1985956
SVN,Slovenia,1998,7.913346816,7.39,1981629
SVN,Slovenia,1999,6.14945348,7.324,1983045
SVN,Slovenia,2000,8.878803678,6.918,1988925
SVN,Slovenia,2001,8.422484628,5.682,1992060
SVN,Slovenia,2002,7.470087529,5.922,1994530
SVN,Slovenia,2003,5.578801861,6.479,1995733
SVN,Slovenia,2004,3.589026796,6.012,1997012
SVN,Slovenia,2005,2.477454396,6.506,2000474
SVN,Slovenia,2006,2.462561564,5.95,2006868
SVN,Slovenia,2007,3.611165333,4.818,2018122
SVN,Slovenia,2008,5.65184627,4.371,2021316
SVN,Slovenia,2009,0.855920114,5.858,2039669
SVN,Slovenia,2010,1.840965347,7.236,2048583
SVN,Slovenia,2011,1.810579921,8.166,2052843
SVN,Slovenia,2012,2.598297643,8.841,2057159
SVN,Slovenia,2013,1.760351239,10.103,2059953
SVN,Slovenia,2014,0.200074858,9.668,2061980
SVN,Slovenia,2015,-0.518126124,8.962,2063531
SVN,Slovenia,2016,-0.056665722,8.0,2065042
KOR,South Korea,1990,8.577633008,,42869283
KOR,South Korea,1991,9.3,2.407,43295704
KOR,South Korea,1992,6.306306306,2.513,43747962
KOR,South Korea,1993,4.745762712,2.878,44194628
KOR,South Korea,1994,6.256742179,2.476,44641540
KOR,South Korea,1995,4.479695431,2.063,45092991
KOR,South Korea,1996,4.923429226,2.048,45524681
KOR,South Korea,1997,4.446869458,2.608,45953580
KOR,South Korea,1998,7.512080449,6.963,46286503
KOR,South Korea,1999,0.81144773,6.342,46616677
KOR,South Korea,2000,2.265333173,4.063,47008111
KOR,South Korea,2001,4.066419648,3.699,47370164
KOR,South Korea,2002,2.762511352,3.046,47644736
KOR,South Korea,2003,3.514879242,3.348,47892330
KOR,South Korea,2004,3.590591391,3.42,48082519
KOR,South Korea,2005,2.754090201,3.482,48184561
KOR,South Korea,2006,2.241847104,3.254,48438292
KOR,South Korea,2007,2.534846871,3.013,48683638
KOR,South Korea,2008,4.673795957,2.959,49054708
KOR,South Korea,2009,2.756686477,3.363,49307835
KOR,South Korea,2010,2.939181359,3.324,49554112
KOR,South Korea,2011,4.02584625,2.992,49936638
KOR,South Korea,2012,2.187221208,2.812,50199853
KOR,South Korea,2013,1.301377058,3.067,50428893
KOR,South Korea,2014,1.274799694,3.082,50746659
KOR,South Korea,2015,0.706962879,3.546,51014947
KOR,South Korea,2016,0.97,3.65,51217803
ESP,Spain,1990,6.717940458,,38867322
ESP,Spain,1991,5.935326449,15.929,38966376
ESP,Spain,1992,5.925723648,17.697,39157685
ESP,Spain,1993,4.568636022,22.156,39361262
ESP,Spain,1994,4.718467624,24.209,39549108
ESP,Spain,1995,4.674753058,22.675,39724050
ESP,Spain,1996,3.558506581,22.142,39889852
ESP,Spain,1997,1.970708492,20.698,40057389
ESP,Spain,1998,1.83353706,18.673,40223509
ESP,Spain,1999,2.310672196,15.475,40386875
ESP,Spain,2000,3.43261428,13.785,40567864
ESP,Spain,2001,3.591100876,10.348,40850412
ESP,Spain,2002,3.066777271,11.146,41431558
ESP,Spain,2003,3.03988488,11.283,42187645
ESP,Spain,2004,3.037486218,11.09,42921895
ESP,Spain,2005,3.369714479,9.146,43653155
ESP,Spain,2006,3.515374911,8.452,44397319
ESP,Spain,2007,2.787030473,8.232,45226803
ESP,Spain,2008,4.075660764,11.254,45954106
ESP,Spain,2009,-0.287996835,17.857,46362946
ESP,Spain,2010,1.79988133,19.86,46576897
ESP,Spain,2011,3.196146412,21.39,46742697
ESP,Spain,2012,2.446000185,24.789,46773055
ESP,Spain,2013,1.408546292,26.094,46604197
ESP,Spain,2014,-0.150870313,24.441,46460733
ESP,Spain,2015,-0.500461321,22.057,46422303
ESP,Spain,2016,-0.202671741,19.635,46458139
SWE,Sweden,1990,10.46964998,,8558835
SWE,Sweden,1991,9.337023222,3.243,8617375
SWE,Sweden,1992,2.281647775,5.722,8668067
SWE,Sweden,1993,4.647993401,9.33,8718561
SWE,Sweden,1994,2.200212482,9.58,8780745
SWE,Sweden,1995,2.52841957,8.897,8826939
SWE,Sweden,1996,0.470973017,9.547,8840998
SWE,Sweden,1997,0.517594974,10.359,8846062
SWE,Sweden,1998,-0.136019172,8.941,8850974
SWE,Sweden,1999,0.454014788,7.607,8857874
SWE,Sweden,2000,1.037254649,5.466,8872109
SWE,Sweden,2001,2.405958341,4.73,8895960
SWE,Sweden,2002,2.158482136,4.965,8924958
SWE,Sweden,2003,1.925655349,5.555,8958229
SWE,Sweden,2004,0.373659829,6.693,8993531
SWE,Sweden,2005,0.453170853,7.81,9029572
SWE,Sweden,2006,1.360214686,7.066,9080505
SWE,Sweden,2007,2.212168834,6.161,9148092
SWE,Sweden,2008,3.437049106,6.235,9219637
SWE,Sweden,2009,-0.494460544,8.351,9298515
SWE,Sweden,2010,1.157988027,8.61,9378126
SWE,Sweden,2011,2.961150738,7.804,9449213
SWE,Sweden,2012,0.888377507,7.976,9519374
SWE,Sweden,2013,-0.04429297,8.052,9600379
SWE,Sweden,2014,-0.179638494,7.954,9696110
SWE,Sweden,2015,-0.046784745,7.432,9799186
SWE,Sweden,2016,0.984269245,6.99,9923085
CHE,Switzerland,1990,5.378739656,,6715519
CHE,Switzerland,1991,5.879391926,1.818,6799978
CHE,Switzerland,1992,4.041076353,2.344,6875364
CHE,Switzerland,1993,3.271796746,3.551,6938265
CHE,Switzerland,1994,0.85840708,3.58,6993795
CHE,Switzerland,1995,1.798718961,3.094,7040687
CHE,Switzerland,1996,0.818824341,3.684,7071850
CHE,Switzerland,1997,0.52150124,4.127,7088906
CHE,Switzerland,1998,0.017009696,3.568,7110001
CHE,Switzerland,1999,0.824829932,3.053,7143991
CHE,Switzerland,2000,1.543392089,2.658,7184250
CHE,Switzerland,2001,0.9890204,2.49,7229854
CHE,Switzerland,2002,0.642699253,2.924,7284753
CHE,Switzerland,2003,0.63834928,4.117,7339001
CHE,Switzerland,2004,0.802903084,4.316,7389625
CHE,Switzerland,2005,1.171971667,4.437,7437115
CHE,Switzerland,2006,1.05877759,3.995,7483934
CHE,Switzerland,2007,0.732636421,3.641,7551117
CHE,Switzerland,2008,2.426637033,3.35,7647675
CHE,Switzerland,2009,-0.48057991,4.109,7743831
CHE,Switzerland,2010,0.698510114,4.808,7824909
CHE,Switzerland,2011,0.23134621,4.409,7912398
CHE,Switzerland,2012,-0.692544621,4.491,7996861
CHE,Switzerland,2013,-0.217319662,4.747,8089346
CHE,Switzerland,2014,-0.013186044,4.826,8188649
CHE,Switzerland,2015,-1.143915069,4.801,8282396
CHE,Switzerland,2016,-0.434632563,4.918,8373338
TUR,Turkiye,1990,60.31270205,,56015628
TUR,Turkiye,1991,65.96942143,8.21,57009887
TUR,Turkiye,1992,70.07279114,8.509,57990118
TUR,Turkiye,1993,66.09708259,8.962,58999167
TUR,Turkiye,1994,106.2627286,8.577,60033836
TUR,Turkiye,1995,88.10770257,7.644,61024503
TUR,Turkiye,1996,80.34690278,6.629,61951134
TUR,Turkiye,1997,85.7332416,6.841,62852966
TUR,Turkiye,1998,84.6413357,6.888,63734383
TUR,Turkiye,1999,64.8674792,7.687,64591923
TUR,Turkiye,2000,54.91538241,6.495,65425961
TUR,Turkiye,2001,54.40018404,8.381,66245128
TUR,Turkiye,2002,44.96412355,10.358,67048795
TUR,Turkiye,2003,25.29636788,10.542,67831730
TUR,Turkiye,2004,10.58423624,10.838,68592617
TUR,Turkiye,2005,10.13840492,10.636,69329557
TUR,Turkiye,2006,9.597242123,10.227,70045349
TUR,Turkiye,2007,8.75618091,10.285,70158112
TUR,Turkiye,2008,10.44412838,10.965,71051678
TUR,Turkiye,2009,6.250976631,14.026,72039206
TUR,Turkiye,2010,8.566444206,11.879,73142150
TUR,Turkiye,2011,6.471879671,9.789,74223629
TUR,Turkiye,2012,8.891569965,9.21,75175827
TUR,Turkiye,2013,7.493090305,9.713,76147624
TUR,Turkiye,2014,8.854572714,9.901,77181884
TUR,Turkiye,2015,7.670853648,10.304,78218479
TUR,Turkiye,2016,7.775134153,10.899,79277962
GBR,United Kingdom,1990,6.972683049,,57247586
GBR,United Kingdom,1991,7.532649254,8.55,57424897
GBR,United Kingdom,1992,4.261548471,9.772,57580402
GBR,United Kingdom,1993,2.50650026,10.346,57718614
GBR,United Kingdom,1994,1.97849026,9.648,57865745
GBR,United Kingdom,1995,2.656452094,8.694,58019030
GBR,United Kingdom,1996,2.481100989,8.189,58166950
GBR,United Kingdom,1997,1.777945905,7.072,58316954
GBR,United Kingdom,1998,1.588923992,6.198,58487141
GBR,United Kingdom,1999,1.335406567,6.042,58682466
GBR,United Kingdom,2000,0.785269429,5.558,58892514
GBR,United Kingdom,2001,1.23589468,4.696,59119673
GBR,United Kingdom,2002,1.256192498,5.037,59370479
GBR,United Kingdom,2003,1.362921545,4.807,59647577
GBR,United Kingdom,2004,1.344595759,4.594,59987905
GBR,United Kingdom,2005,2.049668311,4.884,60401206
GBR,United Kingdom,2006,2.333527794,5.472,60846820
GBR,United Kingdom,2007,2.321035915,5.399,61322463
GBR,United Kingdom,2008,3.613498886,5.748,61806995
GBR,United Kingdom,2009,2.166231372,7.683,62276270
GBR,United Kingdom,2010,3.285714286,7.973,62766365
GBR,United Kingdom,2011,4.484239645,8.195,63258810
GBR,United Kingdom,2012,2.821709747,8.279,63711000
GBR,United Kingdom,2013,2.554546687,7.752,64139000
GBR,United Kingdom,2014,1.460191609,6.398,64620000
GBR,United Kingdom,2015,0.050020842,5.552,65088000
GBR,United Kingdom,2016,0.641613199,4.909,65607000
USA,United States,1990,5.39795644,,249623000
USA,United States,1991,4.234963965,6.8,252981000
USA,United States,1992,3.028819678,7.5,256514000
USA,United States,1993,2.951656966,6.9,259919000
USA,United States,1994,2.607441592,6.119,263126000
USA,United States,1995,2.805419689,5.65,266278000
USA,United States,1996,2.9312042,5.451,269394000
USA,United States,1997,2.337689937,5.0,272657000
USA,United States,1998,1.552279099,4.511,275854000
USA,United States,1999,2.188027197,4.219,279040000
USA,United States,2000,3.376857271,3.992,282162411
USA,United States,2001,2.826171119,4.731,284968955
USA,United States,2002,1.586031627,5.783,287625193
USA,United States,2003,2.270094973,5.989,290107933
USA,United States,2004,2.677236693,5.529,292805298
USA,United States,2005,3.392746845,5.084,295516599
USA,United States,2006,3.225944101,4.623,298379912
USA,United States,2007,2.852672482,4.622,301231207
USA,United States,2008,3.839100297,5.784,304093966
USA,United States,2009,-0.355546266,9.254,306771529
USA,United States,2010,1.640043442,9.633,309378227
USA,United States,2011,3.156841569,8.949,311839461
USA,United States,2012,2.069337265,8.069,314339099
USA,United States,2013,1.464832656,7.375,316726282
USA,United States,2014,1.622222977,6.168,319257560
USA,United States,2015,0.118627136,5.28,321815121
USA,United States,2016,1.261583206,4.869,324353340
